route_id,trips_count,total_distance,total_fuel,avg_mpg,total_revenue,fuel_cost,estimated_operating_cost,profit,profit_margin,cost_per_mile,revenue_per_mile
RTE00001,1456,1012400,156425.5,6.527692307692307,1675362.8,547489.25,711736.025,963626.775,57.517498597915626,0.7030185944290794,1.6548427499012248
RTE00002,1481,1064169,164820.2,6.508690074274139,2154291.12,576870.7000000001,749931.9100000001,1404359.21,65.18892441983421,0.7047112911577016,2.024388156392453
RTE00003,1496,3082778,477685.9,6.5049732620320855,7621380.8,1671900.6500000001,2173470.845,5447909.955,71.48192824848746,0.7050364460236839,2.4722444496489855
RTE00004,1459,3028076,468695.3,6.5128786840301585,5418160.4,1640433.55,2132563.615,3285596.785,60.64044883204269,0.7042635703331093,1.7893079301840509
RTE00005,1479,2661627,413465.4,6.489776876267748,6236094.68,1447128.9000000001,1881267.5700000003,4354827.109999999,69.83260090592466,0.706811123421877,2.342963412980106
RTE00006,1460,1013734,157058.1,6.507150684931507,2105438.99,549703.35,714614.355,1390824.6350000002,66.05865292729285,0.7049328078174353,2.0769146442755204
RTE00007,1502,2437105,378467.7,6.491471371504661,6009333.3,1324636.95,1722028.035,4287305.265,71.34410842214393,0.7065875434172922,2.4657670884102245
RTE00008,1461,1146810,177270.5,6.520130047912389,2915299.86,620446.75,806580.775,2108719.085,72.33283662971122,0.703325550875908,2.5420949067413083
RTE00009,1477,1333633,207711.4,6.472227488151659,2528552.04,726989.9,945086.8700000001,1583465.17,62.6233965111511,0.7086558820905002,1.8959879067179652
RTE00010,1468,138291,21490.6,6.487043596730245,217573.05,75217.09999999999,97782.23,119790.81999999999,55.057747271548564,0.7070758762320035,1.5732986962275202
RTE00011,1501,844360,130988.6,6.497188540972686,1382122.12,458460.10000000003,595998.1300000001,786123.99,56.87804128335634,0.7058578449950259,1.6368872518830833
RTE00012,1507,3706749,575239.1,6.495540809555409,9757537.38,2013336.8499999999,2617337.905,7140199.4750000015,73.1762451623834,0.706100657206625,2.6323706784570526
RTE00013,1462,1011364,155948.7,6.537735978112175,1672332.07,545820.4500000001,709566.5850000001,962765.485,57.57023394283169,0.7015936744831733,1.6535412274907946
RTE00014,1487,1845717,286184.7,6.5016072629455275,3840447.09,1001646.4500000001,1302140.3850000002,2538306.7049999996,66.09404180074252,0.7054929791511918,2.080734527557583
RTE00015,1537,144882,22473.9,6.49829538061158,393428.95,78658.65000000001,102256.24500000001,291172.705,74.00896781998377,0.7057898496707666,2.715512969174915
RTE00016,1465,4118647,636514.0,6.522607508532424,10069054.22,2227799.0,2896138.7,7172915.5200000005,71.23723205057883,0.7031772084376253,2.4447480495415124
RTE00017,1473,1713978,265504.6,6.505390359809912,3013539.6,929266.0999999999,1208045.93,1805493.6700000002,59.91272422635495,0.7048199743520628,1.758213699359035
RTE00018,1456,1003605,155447.8,6.508907967032966,2023437.21,544067.2999999999,707287.49,1316149.72,65.04524644972798,0.7047468775065887,2.016168921039652
RTE00019,1443,1887612,293838.6,6.477525987525987,4272648.64,1028435.0999999999,1336965.63,2935683.01,68.7087391768306,0.7082841336037278,2.26352059639375
RTE00020,1485,3322940,517439.2,6.471750841750842,5712509.24,1811037.2,2354348.36,3358160.8800000004,58.78609099632721,0.7085136535718369,1.7191129662287012
RTE00021,1473,3196415,497566.9,6.474338085539715,7595328.46,1741484.1500000001,2263929.3950000005,5331399.0649999995,70.19313375421817,0.7082714212641351,2.376202232813949
RTE00022,1424,816443,126468.3,6.506713483146067,1542771.85,442639.05,575430.765,967341.0850000001,62.7014995768817,0.7048021294811763,1.8896259138727383
RTE00023,1398,1835111,285019.1,6.489420600858368,4154689.23,997566.8499999999,1296836.9049999998,2857852.325,68.78618752912116,0.706680361569409,2.2639988698231335
RTE00024,1497,1812278,280931.1,6.500835003340013,4373096.44,983258.8499999999,1278236.505,3094859.9350000005,70.77044783855716,0.7053203233720212,2.413038419050499
RTE00025,1450,4683089,728044.3,6.487103448275861,7523007.13,2548155.0500000003,3312601.5650000004,4210405.5649999995,55.96705535755619,0.7073539633775913,1.6064198502313323
RTE00026,1440,2944131,456955.9,6.494451388888889,4906933.67,1599345.6500000001,2079149.3450000002,2827784.3249999997,57.62833808593136,0.7062013697760052,1.6666831978604213
RTE00027,1491,1950294,302440.1,6.5011267605633805,3834651.27,1058540.3499999999,1376102.4549999998,2458548.8150000004,64.11401303253321,0.7055871858294185,1.966191389605875
RTE00028,1518,3394000,526200.1,6.501073781291172,6233044.36,1841700.3499999999,2394210.455,3838833.9050000003,61.58842586835047,0.7054244121979965,1.8364892044784915
RTE00029,1467,3964388,615586.0,6.492283571915474,9516077.71,2154551.0,2800916.3000000003,6715161.41,70.56648353074452,0.7065192155762756,2.400390100565333
RTE00030,1445,3195712,496835.3,6.485301038062284,7681556.33,1738923.55,2260600.615,5420955.715,70.57105984927405,0.7073855888765948,2.403707320935053
RTE00031,1505,991343,153888.4,6.494279069767441,2106384.19,538609.4,700192.2200000001,1406191.9699999997,66.7585702872181,0.706306717251244,2.124778396579186
RTE00032,1472,3420338,531043.5,6.489741847826087,6621835.8,1858652.25,2416247.9250000003,4205587.875,63.51090546521857,0.7064354239259396,1.9360179607980263
RTE00033,1491,255668,39605.6,6.506519114688128,600190.85,138619.6,180205.48,419985.37,69.97530368881831,0.7048417478917972,2.3475399737159126
RTE00034,1472,3533761,548406.8,6.496256793478261,7264971.31,1919423.8000000003,2495250.9400000004,4769720.369999999,65.65367110857866,0.7061176293473159,2.055875117191004
RTE00035,1441,1821282,282772.5,6.491526717557252,2990648.75,989703.75,1286614.875,1704033.875,56.978736636992224,0.7064336412483075,1.6420569412095436
RTE00036,1522,410033,63694.8,6.489382391590013,1047474.47,222931.80000000002,289811.34,757663.1299999999,72.3323719765695,0.7068000380457183,2.5546101655232625
RTE00037,1477,3895558,603383.8,6.5064048747461065,5770647.8,2111843.3000000003,2745396.2900000005,3025251.5099999993,52.42481632651362,0.7047504593693639,1.4813404908873131
RTE00038,1425,1925399,298328.1,6.504989473684211,5053014.94,1044148.3499999999,1357392.8549999997,3695622.085000001,73.13697127125455,0.7049930196286587,2.624398859664932
RTE00039,1440,1547599,240130.5,6.495048611111112,3128669.1,840456.75,1092593.7750000001,2036075.325,65.07800153745885,0.7059928153223155,2.0216277601626778
RTE00040,1444,2601698,403549.2,6.498116343490305,6021487.56,1412422.2,1836148.86,4185338.6999999993,69.50672335192867,0.7057501908369074,2.314445243068181
RTE00041,1429,1788217,277315.2,6.498607417774668,4784672.48,970603.2000000001,1261784.1600000001,3522888.3200000003,73.62862003043519,0.7056102027885878,2.6756665885627977
RTE00042,1447,3912108,606634.6,6.4996199032481,9070885.01,2123221.1,2760187.43,6310697.58,69.5709136764815,0.705549905575204,2.318669374669615
RTE00043,1500,2407265,373102.0,6.505106666666666,3616131.16,1305857.0,1697614.1,1918517.06,53.05441022775291,0.7052044955582373,1.5021741104531492
RTE00044,1410,3817963,592758.4,6.491567375886525,9979091.72,2074654.4000000001,2697050.72,7282041.0,72.97298395810314,0.7064109107395751,2.6137214320830244
RTE00045,1514,929062,143197.7,6.540270805812417,2097068.56,501191.95000000007,651549.5350000001,1445519.025,68.93046095736611,0.7012982287511492,2.2571890358232283
RTE00046,1534,3583020,555294.4,6.5054889178618,9501202.04,1943530.4000000001,2526589.5200000005,6974612.519999999,73.40768558164457,0.7051564099558474,2.651730115935719
RTE00047,1628,797500,123471.3,6.509416461916462,1595152.57,432149.55,561794.415,1033358.155,64.78114848913793,0.704444407523511,2.0001913103448277
RTE00048,1525,3661229,567934.2,6.499619672131147,9586536.9,1987769.6999999997,2584100.61,7002436.290000001,73.0444827266038,0.7058014153170971,2.618393140663968
RTE00049,1461,1080767,167333.0,6.510602327173169,2752205.19,585665.5,761365.15,1990840.04,72.33617781238179,0.7044674291498538,2.546529631271125
RTE00050,1472,1079275,167352.4,6.500020380434783,2032107.1,585733.4,761453.42,1270653.6800000002,62.52887360119948,0.7055230779921707,1.882844594751106
RTE00051,1480,2805110,434663.0,6.506324324324325,5047294.12,1521320.5,1977716.6500000001,3069577.4699999997,60.816298733944194,0.7050406757667258,1.799321281518372
RTE00052,1490,1233002,190987.3,6.507161073825503,1950967.02,668455.5499999999,868992.215,1081974.8050000002,55.458385196075746,0.7047776199876399,1.5822902314838094
RTE00053,1386,1109332,171995.0,6.501262626262626,2529485.88,601982.5,782577.25,1746908.63,69.06180595085986,0.705449090083041,2.2801883295532805
RTE00054,1472,2361043,364503.6,6.528281249999999,4603410.16,1275762.5999999999,1658491.38,2944918.7800000003,63.97254812506215,0.7024401419203292,1.9497358413209755
RTE00055,1443,2120245,329523.9,6.4872695772695765,5170899.4,1153333.6500000001,1499333.7450000003,3671565.6550000003,71.00439151842714,0.7071511759254239,2.43882164561171
RTE00056,1471,2603304,403298.4,6.505030591434398,6234118.29,1411544.4000000001,1835007.7200000002,4399110.57,70.56508018233322,0.7048764646771949,2.394694699504937
RTE00057,1469,1392714,215043.7,6.527882913546629,3307462.9,752652.9500000001,978448.8350000001,2329014.065,70.41693695188539,0.7025482870137013,2.3748328084588795
RTE00058,1432,765028,118351.9,6.51574720670391,1682085.01,414231.64999999997,538501.145,1143583.865,67.98609215357077,0.7038973017981042,2.1987234584877937
