truck_id,maintenance_count,total_labor_hours,total_parts_cost,total_maintenance_cost,total_downtime_hours,cost_per_maintenance
TRK00003,41,176.2,71573.48,90161.42,1133.1,1745.6946341463413
TRK00073,39,153.2,60460.46,76573.99,996.3,1550.2682051282052
TRK00044,38,167.9,51821.95,69825.23,1080.4,1363.7355263157895
TRK00118,35,154.2,55190.24,71005.77,917.3,1576.864
TRK00013,34,137.2,43500.1,57951.159999999996,868.5,1279.4147058823528
TRK00099,34,143.0,58017.72,73231.77,743.7,1706.4035294117648
TRK00014,34,169.9,53346.77,71801.82,940.4,1569.0226470588234
TRK00005,33,153.8,49682.45,66088.45,750.6,1505.5287878787879
TRK00081,32,142.1,59035.73,73892.72,711.7,1844.8665625
TRK00026,32,142.8,56350.42,70708.48,787.9,1760.950625
TRK00033,32,126.6,54171.88,67514.43000000001,908.2,1692.87125
TRK00062,31,110.0,47405.9,59646.64,862.1,1529.2225806451613
TRK00032,31,122.4,56170.78,68762.34,814.3000000000001,1811.9606451612904
TRK00052,31,108.7,52594.200000000004,63757.21,737.3,1696.5870967741937
TRK00038,31,121.4,56269.66,68989.14,796.4,1815.1503225806453
TRK00034,31,132.0,39436.16,52843.72,710.8,1272.1341935483872
TRK00115,31,135.7,38268.87,52635.71,767.9,1234.4796774193549
TRK00071,31,121.4,49145.25,61696.55,761.5,1585.3306451612902
TRK00075,30,147.0,55526.29,71073.64,751.9,1850.8763333333334
TRK00054,30,93.5,44663.14,54702.23,681.4,1488.7713333333334
TRK00108,30,126.0,37042.87,49829.9,750.3,1234.7623333333333
TRK00072,30,117.7,37533.47,50103.7,700.6,1251.1156666666668
TRK00085,30,144.2,33947.55,48812.659999999996,791.2,1131.585
TRK00105,30,116.6,31379.52,43254.14,805.8,1045.984
TRK00050,29,116.3,44120.65,55990.68,687.7,1521.401724137931
TRK00103,29,117.7,42426.77,54986.22,747.2,1462.992068965517
TRK00067,29,115.9,32779.62,45375.28,757.6,1130.3317241379311
TRK00078,29,133.4,35344.25,48928.87,839.6,1218.7672413793102
TRK00046,29,119.9,45185.28,57517.48,974.5,1558.1131034482758
TRK00055,29,130.3,46637.99,60433.32,689.5,1608.2065517241379
TRK00111,28,115.0,44009.8,56532.69,615.3,1571.7785714285715
TRK00030,28,114.7,40667.78,53327.96,679.5,1452.4207142857142
TRK00002,27,126.0,41703.15,54869.04,665.3,1544.5611111111111
TRK00020,27,103.3,46520.71,56990.95,711.8,1722.9892592592591
TRK00053,27,117.3,37693.34,50297.23,635.0,1396.0496296296294
TRK00090,27,88.6,44561.06,53850.82,563.3,1650.4096296296295
TRK00063,27,130.1,32726.42,46669.04,674.8,1212.0896296296296
TRK00106,27,127.7,44177.86,57457.909999999996,719.7,1636.217037037037
TRK00088,26,117.8,54299.01,66959.88,707.5,2088.4234615384617
TRK00091,26,111.5,47767.86,59491.03,595.3,1837.2253846153847
TRK00120,26,89.5,39980.88,49438.39,732.7,1537.7261538461537
TRK00112,26,108.4,43420.93,55381.53,635.9,1670.0357692307693
TRK00110,26,110.6,30192.39,41633.69,634.7,1161.2457692307692
TRK00040,26,126.7,54435.48,67557.74,665.1,2093.6723076923076
TRK00077,26,116.2,43329.63,55767.83,681.4,1666.5242307692306
TRK00068,26,99.5,38468.58,48803.94,632.3,1479.5607692307692
TRK00065,26,110.1,45576.56,57516.6,589.8,1752.9446153846152
TRK00060,26,111.7,27397.45,39199.82,641.4,1053.748076923077
TRK00023,26,103.3,38452.69,49365.87,600.7,1478.9496153846155
TRK00006,26,103.5,39833.19,50780.83,587.7,1532.0457692307693
TRK00022,26,129.8,35304.84,48894.75,592.1,1357.8784615384614
TRK00082,25,94.1,30456.149999999998,40181.67,602.0,1218.2459999999999
TRK00041,25,108.0,48803.409999999996,59685.24,524.7,1952.1363999999999
TRK00010,25,120.4,37828.3,50406.72,603.1,1513.132
TRK00104,25,98.6,34244.59,44728.9,539.6,1369.7835999999998
TRK00018,25,117.6,30578.36,42430.74,664.5,1223.1344
TRK00093,25,89.8,32540.19,41656.12,565.0,1301.6076
TRK00057,25,113.2,45890.21,57753.94,651.2,1835.6084
TRK00119,24,95.7,32863.93,43409.1,489.6,1369.3304166666667
TRK00092,24,110.0,30108.99,41671.119999999995,433.6,1254.54125
TRK00027,24,91.1,34470.37,44230.56,599.3,1436.2654166666669
TRK00031,24,119.0,38791.03,51097.4,579.5,1616.2929166666665
TRK00061,24,92.6,34183.04,43993.58,530.4,1424.2933333333333
TRK00001,24,100.0,41584.479999999996,51775.99,713.2,1732.6866666666665
TRK00039,24,84.8,38687.46,47581.13,557.0,1611.9775
TRK00042,23,94.5,38605.7,48687.47,496.4,1678.5086956521739
TRK00051,23,102.3,38970.67,49991.87,577.3,1694.376956521739
TRK00096,23,107.39999999999999,29579.059999999998,40652.49,515.1,1286.0460869565215
TRK00100,23,90.3,38568.03,47941.29,613.1999999999999,1676.8708695652174
TRK00102,23,108.5,27465.260000000002,38928.81,567.5,1194.1417391304349
TRK00025,23,95.9,33659.26,44082.12,570.1,1463.4460869565219
TRK00029,23,100.8,29305.14,39776.71,540.1,1274.1365217391303
TRK00011,23,97.2,36255.33,46464.63,656.6,1576.318695652174
TRK00045,23,82.6,36860.06,45247.090000000004,571.2,1602.611304347826
TRK00004,22,78.1,30864.600000000002,38561.82,483.2,1402.9363636363637
TRK00024,22,84.6,34104.18,42592.229999999996,705.5,1550.19
TRK00064,22,88.6,37137.89,46296.36,510.2,1688.0859090909091
TRK00079,22,88.2,30039.56,39365.79,572.4,1365.4345454545455
TRK00012,21,87.5,31434.72,40327.38,450.1,1496.8914285714286
TRK00021,21,92.6,29110.760000000002,38803.04,641.1,1386.2266666666667
TRK00095,21,96.9,39656.01,50127.64,439.6,1888.3814285714286
TRK00089,21,97.0,23462.97,33730.47,611.4,1117.2842857142857
TRK00080,21,69.3,37916.229999999996,44894.62,504.4,1805.5347619047618
TRK00066,21,80.3,25153.31,33670.7,660.3,1197.7766666666666
TRK00037,21,83.0,32426.63,41154.92,582.6,1544.125238095238
TRK00015,21,98.1,23418.55,33711.95,562.5,1115.1690476190477
TRK00048,20,83.4,34534.57,43187.16,583.2,1726.7285
TRK00056,20,80.6,30718.81,39387.64,536.3,1535.9405000000002
TRK00058,20,78.0,37570.44,45745.44,414.9,1878.5220000000002
TRK00086,20,92.8,32968.2,42953.68,432.9,1648.4099999999999
TRK00017,20,81.5,37640.03,46265.840000000004,510.0,1882.0014999999999
TRK00007,20,89.1,16507.2,25868.97,415.7,825.36
TRK00113,20,95.7,24985.65,34955.26,475.4,1249.2825
TRK00087,20,89.8,28872.47,37807.28,425.3,1443.6235000000001
TRK00114,19,82.9,26071.27,35187.3,469.5,1372.1721052631578
TRK00109,19,76.6,30976.19,38929.71,483.3,1630.3257894736842
TRK00008,19,71.2,25564.55,33024.74,483.0,1345.5026315789473
TRK00009,19,79.2,32208.78,40333.84,522.3,1695.198947368421
TRK00035,19,77.5,32787.56,40952.3,516.8,1725.6610526315787
TRK00043,19,78.0,32772.75,40867.47,488.6,1724.8815789473683
TRK00028,19,71.1,36091.8,43892.35,439.1,1899.5684210526317
TRK00016,18,56.800000000000004,30762.29,36448.05,437.09999999999997,1709.016111111111
TRK00098,18,73.0,33675.07,41318.95,460.3,1870.8372222222222
TRK00116,18,70.8,32326.25,39736.84,366.2,1795.9027777777778
TRK00059,18,67.7,27273.54,34580.8,450.0,1515.1966666666667
TRK00069,18,66.0,28213.2,35126.99,366.7,1567.4
TRK00101,18,77.2,24794.3,32866.18,404.4,1377.461111111111
TRK00084,17,84.5,25956.02,34743.79,372.0,1526.8247058823529
TRK00107,17,73.39999999999999,23755.379999999997,31131.25,341.2,1397.375294117647
TRK00097,17,65.9,32524.89,39758.74,431.8,1913.2288235294118
TRK00076,17,69.2,22865.96,30133.21,388.90000000000003,1345.0564705882352
TRK00019,16,63.1,21975.600000000002,28662.15,337.1,1373.4750000000001
TRK00094,16,66.4,29958.08,36539.82,421.3,1872.38
TRK00049,16,76.9,24682.83,33245.43,339.8,1542.676875
TRK00047,16,60.0,22025.32,28243.39,397.2,1376.5825
TRK00074,16,73.6,25276.72,33044.85,459.2,1579.795
TRK00117,15,47.0,20774.99,25579.03,271.0,1384.9993333333334
TRK00070,15,78.0,27949.45,36142.32,307.7,1863.2966666666666
TRK00036,14,44.3,23041.03,27522.41,323.9,1645.787857142857
TRK00083,10,43.0,7391.540000000001,11896.279999999999,247.9,739.1540000000001
